Store Name,Date,Actual,Predicted
06525 ปากซอยรังสิตภิรมย์,2024-03-31,25006.56,14511.5341796875
08374 หนองเสือ (คลอง 10 ),2024-03-31,4079.0,3534.450927734375
09515 ม.มาลีรมย์ 5 คลอง 6,2024-03-31,8035.81,7697.197099999996
09826 คลอง 5 คลองหลวง (ซ.26),2024-03-31,-2386.29,-1486.265625
10987 ตลาดคลอง 8 วิลล่า (หนองเสือ),2024-03-31,1608.35,-253.8020972748952
10987 ตลาดคลอง 8 วิลล่า (หนองเสือ),2024-04-30,-3569.53,-253.28403069837168
10987 ตลาดคลอง 8 วิลล่า (หนองเสือ),2024-05-31,-342.409999999998,-252.76596412184816
10987 ตลาดคลอง 8 วิลล่า (หนองเสือ),2024-06-30,-4578.4,-252.2478975453247
11315 บ้านอมรทรัพย์ คลอง 5 (คลองหลวง),2024-03-31,1787.4,1311.7828369140625
11998 เคหะรพีพัฒน์ 1,2024-03-31,13903.4,2791.2278000000038
13614 เทพกุญชร 32 จุด 2,2024-03-31,2637.55,-1010.93701171875
14050 คลอง 12 (หนองเสือ),2024-03-31,2488.52,-637.8465576171875
15156 ตลาดเจริญกัลป์,2024-03-31,2914.46,2142.424560546875
16019 คลองสาม 9/1-1(คลองหลวง),2024-03-31,1600.87,1230.5673828125
16050 บงกช 33,2024-03-31,20116.28,18915.142578125
16711 ฐานมั่นคง เอราวัณ,2024-03-31,29600.91,26635.1837
04268 บางกอกปาร์ค,2024-03-31,130.7433333333333,1701.91650390625
04509 เทพกุญชร 30,2024-03-31,-161.65,1166.3656005859375
06191 เอื้ออาทรพหลโยธิน กม.44,2024-03-31,13559.49,13593.5673828125
07034 อาคารกิตติวัฒนา,2024-03-31,55010.78,17316.51680000002
07845 ม.ธรรมศาสตร์ ( Inter Zone ),2024-03-31,24656.71,928.5369873046876
07867 โรงอาหารโรงพยาบาลธรรมศาสตร์,2024-03-31,3890.66,5420.3427734375
08129 เทพกุญชร 36,2024-03-31,624.47,1614.1910000000005
09037 ไพน์เฮิร์สท จุด 4,2024-03-31,16455.13,13368.665700000014
10073 ชุมชนซอยหงสกุล(คลองหลวง 21),2024-03-31,5637.55,3474.953125
11611 คลองสี่ ซ.41,2024-03-31,-3536.97,1460.7313232421875
13531 คลองหลวง 17,2024-03-31,5098.98,5191.31396484375
14700 โรงอาหารโรงพยาบาลธรรมศาสตร์ จุด 2,2024-03-31,2763.12,2498.8715999999977
15132 PTTOR คลองหลวง คลอง 1,2024-03-31,17365.8,2656.897100000001
15660 คชสาร 3,2024-03-31,-377.880000000002,-1327.3939208984375
15702 โรงพยาบาลธรรมศาสตร์,2024-03-31,6208.43,7515.46533203125
16544 KAVE TOWN รังสิต-ม.กรุงเทพ,2024-03-31,4236.55,1754.1507999999992
00046 ศรีเขมา,2024-03-31,16476.33,6985.76123046875
01360 Booth ทิปโก้,2024-03-31,48694.15,6834.727399999998
01528 อารีย์สัมพันธ์,2024-03-31,2657.726666666664,8231.802734375
02028 ศูนย์การแพทย์สิริกิติ์ (ร.พ.รามา),2024-03-31,16292.26,15932.89453125
02334 ประดิพัทธ์ 10,2024-03-31,49772.98,24824.77270000002
02948 เสริมสุข,2024-03-31,4562.14,4610.23974609375
05373 ศรีพิชัย จุด 2,2024-03-31,-889.169999999999,2999.9022999999997
06152 ศรีเขมา จุด 2,2024-03-31,2630.2,278.45559999999944
07644 พหลโยธิน 13,2024-03-31,3308.17,-2787.71630859375
11197 วิภาวดี 13,2024-03-31,750.070000000001,-432.610107421875
11245 ประดิพัทธ์ 19,2024-03-31,-1573.08,-1394.453857421875
11355 วิภาวดี 5 แยก 2,2024-03-31,28365.1,11840.533649430306
11355 วิภาวดี 5 แยก 2,2024-04-30,6509.79000000002,11852.470568982102
11355 วิภาวดี 5 แยก 2,2024-05-31,6454.81000000001,11864.4074885339
11355 วิภาวดี 5 แยก 2,2024-06-30,26100.1400000001,11876.344408085695
13124 วิภาวดี 17,2024-03-31,6760.69,549.197021484375
13992 Ari Hills,2024-03-31,75595.25,30716.336299999988
14814 ศุภาลัย เวอรันด้า รัชวิภา ประชาชื่น,2024-03-31,2032.37,-237.03779999999963
15116 มิกซ์ จตุจักร,2024-03-31,33482.32,31292.3984375
15448 BMN MRT จตุจักร,2024-03-31,23372.26,8367.916015625
00326 ประชาสงเคราะห์ 24,2024-03-31,2047.953333333333,10890.0908203125
00983 พร้อมพรรณ,2024-03-31,24085.85,19391.44140625
02957 ปตท.ราบ 1 (Flagship),2024-03-31,23748.41,-99.0613999999989
03631 การเคหะห้วยขวาง,2024-03-31,25714.22,10429.3212890625
04396 RS TOWER,2024-03-31,1215.34,5021.28271484375
05174 ตลาดนัดนาทอง,2024-03-31,27821.11,14846.8644
06006 บี.ยู. เพลส,2024-03-31,16889.22,9534.464400000008
06315 อินทามระ 44 จุด 2,2024-03-31,2805.04,188.73360000000105
07282 นาทอง ซอย 5,2024-03-31,-374.4133333333332,1353.656005859375
07866 เพิ่มสิน,2024-03-31,1030.5,1707.560791015625
08278 อินทามระ 10 จุด 2,2024-03-31,40494.64,30757.318359375
10716 เดอะสตรีท รัชดาภิเษก,2024-03-31,91188.96,24627.357540225265
10716 เดอะสตรีท รัชดาภิเษก,2024-04-30,51950.61,24630.38604433432
10716 เดอะสตรีท รัชดาภิเษก,2024-05-31,27419.43,24633.41454844337
10716 เดอะสตรีท รัชดาภิเษก,2024-06-30,32243.93,24636.443052552426
10821 อินทามระ 49,2024-03-31,4869.47,-2255.46630859375
11093 ท้ายซอยชานเมือง ซอย 2,2024-03-31,21.6199999999999,-835.6090698242188
11139 ประชาสงเคราะห์ 23 จุด 3,2024-03-31,-2758.37,-130.17855834960938
15485 ซอยบุญชูศรี,2024-03-31,1704.68,1763.121826171875
18349 เพิ่มสิน 3,2024-03-31,7577.23999999999,8271.787109375
00730 ตลาดไท จุด 1,2024-03-31,30897.18,-3276.374100000005
02704 ไทยธานี 21,2024-03-31,2223.01,-68.1021957397461
04432 หน้าเมืองนวนคร,2024-03-31,5961.34,229.68970000000024
04780 ม.พฤกษา บี,2024-03-31,28765.98,8138.54296875
04993 หมู่บ้านอยู่สบาย,2024-03-31,5323.42,8722.5859375
05137 นครชัยมงคล จุด 5,2024-03-31,-2105.12,-1405.5760498046875
08047 นวนครวิลล่า จุด2,2024-03-31,33096.51,28850.134765625
08991 ไทยธานี ซอย 8,2024-03-31,-2933.74,-5237.595571266635
08991 ไทยธานี ซอย 8,2024-04-30,-6433.7,-5267.120008146458
08991 ไทยธานี ซอย 8,2024-05-31,-7073.04,-5296.644445026275
08991 ไทยธานี ซอย 8,2024-06-30,-6490.37,-5326.168881906096
09646 PTTOR นวนคร,2024-03-31,10549.34,-2180.512939453125
10120 พระปิ่น 7(ตลาดไท),2024-03-31,20859.32,7934.447005682765
10120 พระปิ่น 7(ตลาดไท),2024-04-30,7060.46999999999,7954.083274587807
10120 พระปิ่น 7(ตลาดไท),2024-05-31,8118.87999999999,7973.719543492848
10120 พระปิ่น 7(ตลาดไท),2024-06-30,8377.17999999999,7993.355812397891
10989 เดอะไอยรา (คลองหลวง),2024-03-31,2308.3,789.4293212890625
11041 ไทยสมบูรณ์ 3,2024-03-31,9309.82000000001,4531.33935546875
14659 ไอยรา 23,2024-03-31,-2023.6,2381.729736328125
15000 นครชัยมงคล จุด 6,2024-03-31,-138.94,-1468.8090000000004
18112 ม.แสงทอง (คลองหลวง),2024-03-31,-409.460000000004,-110.5783462524414
00166 ประทานพร,2024-03-31,35629.88,40784.78125
01914 ตลาดพูนทรัพย์,2024-03-31,-818.79,-2223.120361328125
05191 ซอยสุขี 1(รังสิต-ปทุมธานี 37),2024-03-31,-1294.09,3207.79443359375
05560 PTTOR เชียงรากน้อย(ขาออก),2024-03-31,10441.58,4268.0400390625
06156 เวิร์คพอยท์ (เลียบคลองเปรมประชากร),2024-03-31,-1443.55,6697.099127131276
06156 เวิร์คพอยท์ (เลียบคลองเปรมประชากร),2024-04-30,-2232.12,6686.838888878263
06156 เวิร์คพอยท์ (เลียบคลองเปรมประชากร),2024-05-31,-2254.796666666667,6676.57865062525
06156 เวิร์คพอยท์ (เลียบคลองเปรมประชากร),2024-06-30,-2739.793333333334,6666.318412372237
08218 แมนฮัตตัน,2024-03-31,-530.390000000001,-2036.6644287109373
09225 ชุมชนบ้านกระแชง,2024-03-31,-972.599999999998,2326.3759765625
12116 อบต.บ้านปทุม,2024-03-31,-1770.84,-2074.072265625
13173 พฤกษาวิลล์ (รังสิต-คลองเปรม),2024-03-31,13331.23,-404.9649806949273
13173 พฤกษาวิลล์ (รังสิต-คลองเปรม),2024-04-30,-277.309999999952,-423.9099882764784
13173 พฤกษาวิลล์ (รังสิต-คลองเปรม),2024-05-31,-25960.4599999999,-442.85499585802825
13173 พฤกษาวิลล์ (รังสิต-คลองเปรม),2024-06-30,-26820.99,-461.80000343957937
14307 เทพกุญชร 22,2024-03-31,-521.43,-188.10006713867188
16217 พฤกษาวิลล์ (รังสิต-เวิร์คพ้อย),2024-03-31,2817.33,3596.99267578125
16761 ม.อธิเชษ (ถนน 347),2024-03-31,1994.33,-4210.944699999999
18138 บ้านกลาง 2/5 จุด 2,2024-03-31,-2133.03,-2472.5009765625
05070 ม.ราชพฤกษ์ 41,2024-03-31,1944.95,-1667.8178784576694
05070 ม.ราชพฤกษ์ 41,2024-04-30,-3297.81,-1677.9566308012932
05070 ม.ราชพฤกษ์ 41,2024-05-31,-2594.89,-1688.0953831449172
05070 ม.ราชพฤกษ์ 41,2024-06-30,-3606.92,-1698.2341354885411
06749 ถนนเชียงราก,2024-03-31,11237.96,6100.763671875
07344 ปตท.รังสิต-นครนายก 47,2024-03-31,13782.0,2613.343017578125
08350 TU - Dome ธรรมศาสตร์,2024-03-31,32313.09,12990.768899999994
09065 ตลาดพระรูป รังสิตคลอง 2,2024-03-31,20973.48,-1105.136962890625
09285 เจปาร์ค (ม.ธรรมศาสตร์ ),2024-03-31,29339.06,9449.6865234375
11742 บงกช ซอย 29,2024-03-31,3394.92,6846.234375
13361 รังสิต-ปทุมธานี ซ.43,2024-03-31,6034.52,-1735.9239501953125
14851 บงกช 71,2024-03-31,3225.15,4400.037109375
16381 ถนนเลียบคลองเปรมประชากร (หลังนวนคร),2024-03-31,2194.93,-654.6820000000006
00248 ราชปรารภ,2024-03-31,1591.8,897.6264000000017
00263 สามเสน (สถานีรถไฟ),2024-03-31,38834.95,7996.8740234375
00529 ร.พ.ราชวิถี,2024-03-31,133612.61,43023.100099999945
02774 โรงพยาบาลเปาโล,2024-03-31,2124.646666666667,1144.19384765625
03284 KJS แมนชั่น,2024-03-31,2290.643333333333,54917.91796875
04156 ราชปรารภ 3,2024-03-31,2542.103333333333,4162.443359375
08250 ราชวิถี 6,2024-03-31,3820.63,23325.04296875
08679 ราชวิถี 12,2024-03-31,15785.63,38369.875
10313 บ้านพักข้าราชการ รพ.รร.๖,2024-03-31,1079.1,-1391.0860595703125
11011 อินทามระ 29 จุด 1,2024-03-31,1726.53,9674.849609375
11038 ศูนย์วิจัยประสาท,2024-03-31,80315.4,73564.65625
11957 อินทามระ 20,2024-03-31,646.99,1122.2831000000012
13720 ร้านค้าสวัสดิการศูนย์สุขภาพเด็กแห่งชาติ,2024-03-31,1446.57,577.084716796875
15604 The Line พหลฯ-ประดิพัทธ์,2024-03-31,940.0099999999984,11161.13291203204
15604 The Line พหลฯ-ประดิพัทธ์,2024-04-30,594.7566666666654,11169.311733226845
15604 The Line พหลฯ-ประดิพัทธ์,2024-05-31,484.0033333333324,11177.490554421644
15604 The Line พหลฯ-ประดิพัทธ์,2024-06-30,238.9299999999987,11185.66937561645
15902 ศูนย์การแพทย์ราชวิถี,2024-03-31,69701.82,52428.0
16528 ร้านค้าสวัสดิการ วพม.,2024-03-31,1491.51,-235.908935546875
02815 หมู่บ้านพฤกษา 12,2024-03-31,-1502.9,-2454.83984375
02913 หมู่บ้านอยู่เจริญคลอง 2,2024-03-31,330.6400000000006,6807.6982421875
07020 เทพกุญชร 32,2024-03-31,-3055.476666666669,18659.14554454981
07020 เทพกุญชร 32,2024-04-30,-2462.453333333336,18700.839327293103
07020 เทพกุญชร 32,2024-05-31,-2985.126666666669,18742.53311003639
07020 เทพกุญชร 32,2024-06-30,-3243.650000000003,18784.226892779683
07512 ม.ไทยสมบูรณ์ จุด 2,2024-03-31,3733.73,12387.24609375
08877 ปตท.คลองหลวง (คลอง 3),2024-03-31,24000.3,6274.311859323967
08877 ปตท.คลองหลวง (คลอง 3),2024-04-30,7679.46,6288.251116112028
08877 ปตท.คลองหลวง (คลอง 3),2024-05-31,4771.51,6302.19037290009
08877 ปตท.คลองหลวง (คลอง 3),2024-06-30,5188.35,6316.129629688151
11836 คลองสาม ซอย 5/3,2024-03-31,5756.9,3069.461181640625
13555 คลองหลวง 27,2024-03-31,21128.03,-1652.1907999999994
13664 คลองสาม ซอย 1/5 (คลองหลวง),2024-03-31,-822.7,-1274.9080999999992
13798 พฤกษาวิลเลจ 3 รังสิต คลอง 3,2024-03-31,1751.5,1428.1837158203125
15276 รังสิต นครนายก 13,2024-03-31,19778.1,11489.3466796875
17214 คลองสาม 11/13,2024-03-31,127.03,9884.48509999999
02885 หมู่บ้านซีเมนต์ไทย,2024-03-31,956.19,-1158.730899999999
04475 งามวงศ์วาน 14,2024-03-31,1835.31,432.6710000000008
08310 งามวงศ์วาน 25 ซ.9,2024-03-31,30968.78,-5155.769099999998
08896 งามวงศ์วาน ซ.2,2024-03-31,41412.83,4198.901999999999
09061 งามวงศ์วาน 18 จุด 2,2024-03-31,57276.52,2836.2621000000013
10263 งามวงศ์วาน 47,2024-03-31,-1878.49,-5725.282547089026
10263 งามวงศ์วาน 47,2024-04-30,-5962.79,-5812.722251529204
10263 งามวงศ์วาน 47,2024-05-31,-6542.01,-5900.161955969371
10263 งามวงศ์วาน 47,2024-06-30,-4853.86,-5987.601660409549
10286 LPN ประชาชื่น - พงษ์เพชร 2,2024-03-31,-1425.16,-3032.1484375
10664 วงศ์สว่าง 11 จุด 2 แยก 1,2024-03-31,3796.97,-86.87504577636719
11002 ชินเขต 4,2024-03-31,5557.126666666667,25417.216433333306
11150 สะพานพระนั่งเกล้า,2024-03-31,37558.17,8597.773600000006
13283 ประชาชื่น 44 จุด 2,2024-03-31,-2555.84,-1755.17919921875
14485 งามวงศ์วาน 23 แยก 18,2024-03-31,16370.66,-547.0181884765625
15809 บ้านสวนกลางเมือง จุด 2,2024-03-31,-1849.423333333333,25374.837890625
15878 ตลาดชินมณี (ซ.ชินเขต),2024-03-31,-1910.84,-396.880615234375
15905 งามวงศ์วาน 47 แยก 6-1,2024-03-31,2191.23,5353.050399999998
00942 เมืองใหม่บูรพา,2024-03-31,11145.95,1379.560791015625
02314 เคหะแจ้งวัฒนะ,2024-03-31,-1727.31,-1902.7950439453125
03382 วัฒนานันท์ (KS),2024-03-31,67481.47,19175.3552131671
03382 วัฒนานันท์ (KS),2024-04-30,32477.65,19216.205668743976
03382 วัฒนานันท์ (KS),2024-05-31,12799.2099999999,19257.056124320847
03382 วัฒนานันท์ (KS),2024-06-30,17926.9099999999,19297.906579897728
03787 เมืองทองนิเวศน์,2024-03-31,45430.12,6933.912399999997
05155 แม่ทองก้อน จุด 2 (สรงประภา),2024-03-31,5544.36,4991.642578125
09875 ม.ร่มเย็น,2024-03-31,37744.02,8132.90185546875
10454 โกสุมรวมใจ 5,2024-03-31,1289.73,8391.976300000004
10951 เลี่ยงเมืองปากเกร็ด 37,2024-03-31,69504.99,6440.44677734375
11020 ปตท.แจ้งวัฒนะ ซอย 10,2024-03-31,25344.41,30835.3984375
11691 แจ้งวัฒนะ 14 จุด 2,2024-03-31,6450.8,9187.4931640625
11873 วัฒนานันท์ จุด 2,2024-03-31,22416.21,6906.0556640625
14242 แจ้งวัฒนะ 10 จุด 2,2024-03-31,-381.7199999999989,7370.483000000013
15411 เวฬุวนาราม ซ.9,2024-03-31,-9588.533333333333,12960.34765625
16400 ช่างอากาศอุทิศ ซอย 5,2024-03-31,1966.22,2342.286865234375
16640 The Connect ดอนเมือง-สรงประภา,2024-03-31,3474.96,-613.6903076171875
17951 ซอยมีสุข จุด 2 (แจ้งวัฒนะ 10),2024-03-31,5462.19,6889.7412109375
02465 เมืองทองคอนโด จุด 5,2024-03-31,11948.33,2247.9334
04161 เมืองทองคอนโด จุด 7,2024-03-31,50519.07,8245.5078125
05201 Mtt Sport Center,2024-03-31,-174.580000000001,-238.288417027347
05201 Mtt Sport Center,2024-04-30,-6583.54,-244.79593881466167
05201 Mtt Sport Center,2024-05-31,-3284.6,-251.30346060197573
05201 Mtt Sport Center,2024-06-30,-3503.95,-257.81098238929064
05473 อัมพรไพศาล(ติวานนท์),2024-03-31,34395.08,8065.254400000001
05718 Popular Walk(เมืองทองธานี),2024-03-31,2405.69,4853.71337890625
09750 เอ็มโซไซตี้ (เมืองทองธานี),2024-03-31,9535.75,12990.0146484375
10201 สุขาประชาสรรค์ 2 ซ.40,2024-03-31,1184.276666666666,4738.74658203125
10423 แจ้งวัฒนะ-ปากเกร็ด 21,2024-03-31,29279.99,15185.6923828125
12150 ติวานนท์-ปากเกร็ด 17,2024-03-31,-1044.19,-5852.732421875
14350 IEC เมืองทองธานี,2024-03-31,78527.11,57796.75
15330 สุขาประชาสรรค์ 2 ซ.5,2024-03-31,8255.52,17116.693359375
16226 ม.จิราวดี (สุขาประชาสรรค์ 2),2024-03-31,1519.266666666667,6767.479766666656
17225 ม.เศรษฐสิริ(เลียบคลองประปา),2024-03-31,-1675.86,-553.2537231445312
00981 บัวทองเคหะ,2024-03-31,4454.72,2789.46923828125
01885 อำเภอไทรน้อย,2024-03-31,24431.55,9856.966796875
04702 ม.ศุภกร,2024-03-31,729.7200000000003,26896.78515625
04946 นันทิชา 3 จุด 3,2024-03-31,11006.35,5606.447265625
05136 เอเชียโฮมทาวน์ จุด 2,2024-03-31,3840.52,7668.3115234375
05642 ศุภาลัยพาร์ควิลล์ วงแหวน-ราชพฤกษ์,2024-03-31,13404.92,10662.709569945831
05642 ศุภาลัยพาร์ควิลล์ วงแหวน-ราชพฤกษ์,2024-04-30,11201.12,10690.795433608348
05642 ศุภาลัยพาร์ควิลล์ วงแหวน-ราชพฤกษ์,2024-05-31,14986.48,10718.88129727086
05642 ศุภาลัยพาร์ควิลล์ วงแหวน-ราชพฤกษ์,2024-06-30,9482.36,10746.967160933376
05754 PTTOR ไทรน้อย,2024-03-31,23916.02,6224.109808771186
05754 PTTOR ไทรน้อย,2024-04-30,7279.99,6231.958783572385
05754 PTTOR ไทรน้อย,2024-05-31,9204.91,6239.807758373585
05754 PTTOR ไทรน้อย,2024-06-30,10705.49,6247.656733174785
08577 เมืองทองคอนโด (โซนK),2024-03-31,29934.7,27469.375
08834 เคหะบางบัวทอง,2024-03-31,16826.85,2885.085999999992
09580 ถนนบอนด์สตรีท(เมืองทองธานี),2024-03-31,37104.97,-908.9051999999996
09758 สามโคก จุด 2,2024-03-31,517.97,-1112.7606000000003
10093 ตลาดสโมสร ไทรน้อย,2024-03-31,-53.2899999999991,-3533.016500000006
10384 ตลาดนัดเกาะเกรียง,2024-03-31,-173.550000000001,687.521799999997
12128 หมู่บ้านจิรกานต์,2024-03-31,-667.68,4131.92529296875
12146 แลนด์วิลล่า ไทรน้อย,2024-03-31,3340.513333333332,1209.2587666666657
13861 บิชทาวน์,2024-03-31,2510.35,-128.73109436035156
15055 วิลเลจไทรน้อย,2024-03-31,-141.409999999999,135.5467999999996
15720 PTTOR ปทุมธานี-ลาดหลุมแก้ว,2024-03-31,13094.55,1334.9435000000003
15737 PTTOR ราชพฤกษ์ กม.35,2024-03-31,27039.23,3635.247099999996
15740 ชวนชมพาร์ค จุด 3,2024-03-31,736.35,-1048.6065673828125
16185 PS บ้านพฤกษา (CN45),2024-03-31,1604.96,2227.955078125
04201 หมู่บ้านกฤษณาสามโคก,2024-03-31,1217.443333333333,2656.9157105253594
04201 หมู่บ้านกฤษณาสามโคก,2024-04-30,2908.15,2645.429539378145
04201 หมู่บ้านกฤษณาสามโคก,2024-05-31,2228.853333333333,2633.943368230932
04201 หมู่บ้านกฤษณาสามโคก,2024-06-30,2021.069999999999,2622.4571970837173
05177 ปทุมบางเลน จุด 2,2024-03-31,5043.62,1576.8452
05667 แยกนพวงศ์ จุด 4,2024-03-31,469.039999999998,1261.093017578125
06059 เฟื่องสุข 4,2024-03-31,-570.2399999999999,536.5949096679688
07969 ม.ฉัตรไพลิน,2024-03-31,19496.69,13687.134765625
09109 ศูนย์กระจายสินค้า DC 4 บางบัวทอง,2024-03-31,33762.01,9762.6982421875
09222 เฟื่องสุข จุด 3,2024-03-31,30989.68,8437.759900000003
09351 PTTOR บางบัวทอง - สุพรรณบุรี,2024-03-31,19898.15,11714.857399999988
09857 ตลาดระแหง จุด 2,2024-03-31,-742.909999999998,-962.74853515625
09960 ร.พ.ปทุมธานี,2024-03-31,5346.39,2563.3860000000013
10772 ม.ภัทรารมย์,2024-03-31,-11172.35,-6364.22900390625
10811 ราษฎร์นิยม,2024-03-31,10259.04,1526.1607821047646
10811 ราษฎร์นิยม,2024-04-30,1300.85,1496.7289472982893
10811 ราษฎร์นิยม,2024-05-31,3243.36,1467.29711249182
10811 ราษฎร์นิยม,2024-06-30,3914.23,1437.8652776853446
11583 สี่แยกปทุมธานี,2024-03-31,7739.6,1907.098388671875
12125 เทศบาล 10 สามโคก,2024-03-31,-1510.443333333332,9574.993909841054
12125 เทศบาล 10 สามโคก,2024-04-30,-1819.596666666666,9584.461505441948
12125 เทศบาล 10 สามโคก,2024-05-31,-2595.746666666666,9593.92910104284
12125 เทศบาล 10 สามโคก,2024-06-30,-3108.156666666666,9603.396696643737
12134 ตลาดนัดเฟื่องสุข,2024-03-31,22049.85,38126.03125
14384 ม.ปิ่นทองแลนด์,2024-03-31,-419.24,3577.188720703125
16541 บางเพ็ง-คลองตรง ถนน 1028,2024-03-31,2652.85,1582.6038999999992
16977 PTTOR สามโคก,2024-03-31,4930.72,6172.1728515625
17095 ราชพฤกษ์ 345,2024-03-31,3842.47,-2779.432200000002
18035 เทศบาล 7 ลาดหลุมแก้ว,2024-03-31,1297.61,3309.07177734375
18095 ถนนลำโพ,2024-03-31,47083.55,40112.27734375
00389 คลองประปา,2024-03-31,844.03,-734.048800000001
01510 นิชดาธานี,2024-03-31,50018.15,27950.33670000001
09067 ตลาดสมบูรณ์ทรัพย์ จุด 2,2024-03-31,53123.75,13262.07174084582
09067 ตลาดสมบูรณ์ทรัพย์ จุด 2,2024-04-30,38685.69,13178.297051898386
09067 ตลาดสมบูรณ์ทรัพย์ จุด 2,2024-05-31,13794.78,13094.522362950958
09067 ตลาดสมบูรณ์ทรัพย์ จุด 2,2024-06-30,13189.87,13010.747674003524
09082 ปริญญาลักษณ์,2024-03-31,660.5533333333334,308.9687333333326
09217 เมเจอร์ห้าแยกปากเกร็ด,2024-03-31,22072.62,14816.3515625
09296 ประชานิเวศน์ 3 ซ.25,2024-03-31,39250.68,29074.908203125
09779 แจ้งวัฒนะ 22,2024-03-31,67097.34,32288.284849811986
09779 แจ้งวัฒนะ 22,2024-04-30,51062.92,32346.23390550327
09779 แจ้งวัฒนะ 22,2024-05-31,46937.05,32404.18296119456
09779 แจ้งวัฒนะ 22,2024-06-30,39828.95,32462.13201688586
09988 ธาราสแควร์,2024-03-31,55059.07,25103.67578125
11068 ม.ชวนชื่น - บางคูวัด,2024-03-31,-434.1366666666671,107604.6015625
14297 ตลาดเมืองประชา,2024-03-31,1143.38,6519.316899999997
14795 ประชาชื่น 12,2024-03-31,2078.53,8710.273599999993
15372 ร้านค้าสวัสดิการ กรมชลประทาน,2024-03-31,5224.14,8732.46484375
15643 ถนนภูมิเวท ซอย 15,2024-03-31,-6460.57000000001,-1545.4688720703125
16244 ปัญญธารา 2 (ตึก 4 ชั้น),2024-03-31,-6064.74,4372.884199999996
16348 เลี่ยงเมืองปากเกร็ด 37 จุด 2,2024-03-31,-1350.246666666667,2042.429066666667
16888 THE TARA,2024-03-31,121723.7,115558.1484375
00438 ปตท.บางเดื่อ,2024-03-31,5018.636666666666,14990.1484375
04082 นนทบุรี 42,2024-03-31,20343.53,3045.889892578125
04889 ตลาดจิตรวรรณ,2024-03-31,-2434.316666666667,-964.462646484375
05164 เลี่ยงเมืองนนทบุรี 15,2024-03-31,19447.29,11957.5
05297 ซอยเปรมฤทัย,2024-03-31,-1160.14,-3248.726318359375
05584 ศุภาลัยวิลล์ (รัตนาธิเบศร์),2024-03-31,-1137.43,-984.0101999999996
06757 เอกสินคอนโด,2024-03-31,3736.32,1857.053955078125
09426 ทานสัมฤทธิ์ 3,2024-03-31,20734.58,-4306.077899999997
10203 นนทบุรี 48,2024-03-31,21249.81,62.51379999999662
11251 สามแยกสนามบินน้ำ,2024-03-31,51321.04,2742.116100000003
11454 นนทบุรี 20 (โรงน้ำแข็ง),2024-03-31,2323.99,1747.0732421875
11684 แมเนอร์ สนามบินน้ำ,2024-03-31,37183.39,15186.5947265625
11818 แผ่นดินทอง 40,2024-03-31,704.1,534.1912000000001
14042 เลี่ยงเมืองนนทบุรี 14,2024-03-31,-529.5333333333333,798.5701904296875
14251 ทานสัมฤทธิ์ 4,2024-03-31,3097.3,2887.82275390625
15774 นนทบุรี 46,2024-03-31,1493.6,2738.739990234375
16412 งามวงศ์วาน 23 แยก 1,2024-03-31,-2859.660000000002,855.715576171875
16422 งามวงศ์วาน 25 แยก 8,2024-03-31,3726.6,4881.30078125
17775 นนทบุรี 48 จุด 2,2024-03-31,-2390.383333333335,-7803.9013671875
00316 ตลาดกลางรังสิต,2024-03-31,6431.01,2872.7809999999986
00827 ปิ่นเจริญ 4,2024-03-31,23187.25,8402.1123046875
00964 ดอนเมือง 3,2024-03-31,-764.57,-60.62158203125
03794 เมืองเอก 8,2024-03-31,867.309999999999,107.90890502929688
03803 แฟลตสโมสรทุ่งสีกัน,2024-03-31,62482.77,21279.99119514259
03803 แฟลตสโมสรทุ่งสีกัน,2024-04-30,36804.79,21312.595983512085
03803 แฟลตสโมสรทุ่งสีกัน,2024-05-31,32371.38,21345.200771881577
03803 แฟลตสโมสรทุ่งสีกัน,2024-06-30,30561.39,21377.80556025108
04002 สรณคมณ์,2024-03-31,1191.510000000001,3503.8076171875
05715 ดอนเมือง 2 จุด 2,2024-03-31,8741.97,2675.792724609375
05875 เทิดราชัน 39,2024-03-31,5736.55,5626.532600000002
13897 ม.พัฒนา สี่มุมเมือง จุด 3,2024-03-31,4839.17,14808.2509765625
14033 ฟอเรสต้า(เมืองใหม่ดอนเมือง),2024-03-31,3558.506666666666,4686.04296875
15005 หมู่บ้านเมืองเอก-รังสิต,2024-03-31,2326.326666666666,2316.680908203125
15331 สรงประภา ซ.22,2024-03-31,680.2366666666667,5636.4521484375
15853 ปิ่นเจริญ 6,2024-03-31,4992.61,1069.2501220703125
16183 สรณคมณ์ 21,2024-03-31,10846.77,11079.153567886844
16183 สรณคมณ์ 21,2024-04-30,9989.35000000001,11109.335303325435
16183 สรณคมณ์ 21,2024-05-31,6570.79,11139.517038764026
16183 สรณคมณ์ 21,2024-06-30,10727.17,11169.69877420262
17826 นาวงประชาพัฒนา 9,2024-03-31,-696.8266666666691,4179.45703125
04560 ตลาดดวงแก้ว,2024-03-31,37350.83,14575.634000000002
05629 The Lake(เมืองทองธานี),2024-03-31,20283.3,13457.861199999988
06773 หมู่บ้านสหกรณ์ (แจ้งวัฒนะตัดใหม่),2024-03-31,26124.95,735.3401489257812
07322 ฌ็องเซลิเซ่,2024-03-31,-1522.646666666665,3614.660093188321
07322 ฌ็องเซลิเซ่,2024-04-30,-2502.879999999999,3594.498961580802
07322 ฌ็องเซลิเซ่,2024-05-31,-3344.423333333332,3574.337829973287
07322 ฌ็องเซลิเซ่,2024-06-30,-3709.333333333332,3554.17669836577
08509 ซอยทิมแลนด์,2024-03-31,-2470.073333333334,7444.4641227293
08509 ซอยทิมแลนด์,2024-04-30,-3334.336666666667,7449.24878704162
08509 ซอยทิมแลนด์,2024-05-31,-3897.966666666667,7454.033451353938
08509 ซอยทิมแลนด์,2024-06-30,-5441.523333333334,7458.818115666259
09734 เมืองทองธานีโซน SF,2024-03-31,46505.21,25437.490234375
10204 กรุงเทพฯ-นนทบุรี ซอย 12,2024-03-31,5117.31,3707.5016
10879 ทิมแลนด์ จุด 2,2024-03-31,-91.8499999999999,-566.9959716796875
11757 ร่วมสุข (ติวานนท์),2024-03-31,1937.44999999999,3439.845703125
11918 โกลเด้นทาวน์ (ซอยดวงมณี),2024-03-31,-771.0,3469.4819000000016
13188 พิบูลย์สงคราม 22 จุด 2,2024-03-31,1219.61,348.5120000000003
13473 PTTOR รังสิต-ปทุมธานี(บ้านกลาง),2024-03-31,37054.94,13887.4366
14256 ร้านค้าสวัสดิการ โรงพยาบาลจุฬาภรณ์,2024-03-31,1099.79,-598.0285034179688
15562 ร้านค้าสวัสดิการศูนย์การแพทย์จุฬาภรณ์,2024-03-31,13666.3,10315.150390625
15857 ซอยร่วมสุข จุด 2,2024-03-31,3591.23,728.5227999999985
15884 เลียบทางด่วนงามวงศ์วาน (ขาเข้า),2024-03-31,8451.96,7561.452499999998
17648 PTTOR ถนนศรีสมาน,2024-03-31,5410.8,8588.158203125
18044 ติวานนท์ - ปากเกร็ด 56 จุด 2,2024-03-31,484.169999999999,-1779.06640625
00034 เตาปูน-1,2024-03-31,4322.43,-1013.7022000000002
00386 ซ.พหลโยธิน 15,2024-03-31,440.71,603.2307000000022
00474 สามเสน 9,2024-03-31,32719.92,14318.751953125
01558 ประชาธิปไตย,2024-03-31,19139.02,1979.202300000003
03859 เตาปูนแมนชั่น,2024-03-31,873.8266666666673,6749.94677734375
04692 โรงพยาบาลพระมงกุฎเกล้า 2,2024-03-31,10342.92,4524.770863230711
04692 โรงพยาบาลพระมงกุฎเกล้า 2,2024-04-30,5313.65,4532.782052161299
04692 โรงพยาบาลพระมงกุฎเกล้า 2,2024-05-31,6418.95,4540.793241091887
04692 โรงพยาบาลพระมงกุฎเกล้า 2,2024-06-30,5675.15,4548.804430022474
05843 พหลโยธิน 15 จุด 2,2024-03-31,-819.0100000000025,4786.877478472487
05843 พหลโยธิน 15 จุด 2,2024-04-30,-2130.996666666669,4761.261733914325
05843 พหลโยธิน 15 จุด 2,2024-05-31,-3110.343333333336,4735.645989356169
05843 พหลโยธิน 15 จุด 2,2024-06-30,-3038.926666666669,4710.030244798008
06309 วิภาวดี 3 จุด 2,2024-03-31,17306.07,8697.6826171875
07600 CP TOWER 3,2024-03-31,91426.03,8982.0077
08103 ประชาสงเคราะห์ 23 จุด 2,2024-03-31,16869.69,7302.5992
08145 อาคารสมเด็จพระเทพรัตน์ (ร.พ.รามา),2024-03-31,49357.95,27056.0084
09141 ซอยสันติสุข (ถ.พิชัย),2024-03-31,63537.03,25657.808163574136
09141 ซอยสันติสุข (ถ.พิชัย),2024-04-30,40172.6100000001,25697.12266916897
09141 ซอยสันติสุข (ถ.พิชัย),2024-05-31,16007.79,25736.4371747638
09141 ซอยสันติสุข (ถ.พิชัย),2024-06-30,19920.5500000001,25775.75168035864
11283 Aspace อโศก,2024-03-31,58865.46,10824.627399999996
13582 M SAP พหลโยธิน 18,2024-03-31,-2097.08,12104.6591796875
14249 The Line จตุจักร - หมอชิต,2024-03-31,1429.78,4269.6220703125
15056 ร้านค้าสวัสดิการคณะสาธารณสุขศาสตร์ ม.มหิดล,2024-03-31,47547.52,43147.40234375
00062 ดอนเมือง-1,2024-03-31,20296.21,5622.91943359375
01695 ร่มรื่น,2024-03-31,6679.36,10771.6884765625
03546 ประชานฤมิตร,2024-03-31,-1067.0,20327.71875
05210 คณะทันตแพทยศาสตร์ ม.มหิดล,2024-03-31,4059.65,748.6610107421875
06037 กรมสรรพาวุธทหารบก,2024-03-31,284.69,-4331.23193359375
08479 วิสุทธิกษัตริย์ 2,2024-03-31,14645.44,12119.337890625
08639 ถนนศรีอยุธยา,2024-03-31,15766.51,8746.9482421875
10928 เคหะดินแดง 2,2024-03-31,4394.11,2606.554299999995
11699 สกสค.คุรุสภา,2024-03-31,2961.28,2730.353759765625
15027 ร้านสวัสดิการกลางกองทัพบก(เกียกกาย),2024-03-31,1560.76,535.7713000000005
02274 แจ้งวัฒนะ 15,2024-03-31,560.9066666666663,4523.0556640625
03861 ปตท.ติวานนท์,2024-03-31,18717.08,7262.565200000008
04362 สินพัฒนาธานี,2024-03-31,95.9099999999989,3198.918212890625
04470 Gold Market,2024-03-31,27822.12,21236.15882810784
04470 Gold Market,2024-04-30,34251.69,21279.772052925557
04470 Gold Market,2024-05-31,22689.99,21323.385277743266
04470 Gold Market,2024-06-30,26894.01,21366.998502560986
05990 วิภาวดี 27,2024-03-31,11279.15,11898.375
07813 เมืองทองธานี (ถ.ป๊อปปูล่า 3 ),2024-03-31,46395.84,20456.545400000025
11681 ชุมชนบางกุฎีทอง(ติวานนท์),2024-03-31,26401.23,2589.334228515625
13123 ร้านค้าสวัสดิการ กองบัญชาการศึกษา,2024-03-31,1131.67,-2496.223388671875
14035 The Portal (เมืองทองธานี),2024-03-31,113280.02,20441.218799999984
14885 เลียบคลองรังสิต (ติวานนท์),2024-03-31,13991.85,7148.59130859375
15111 ร้านค้าสวัสดิการ พัน.ร.มทบ.11(แจ้งวัฒนะ),2024-03-31,-1865.33,-1219.4000244140625
15503 อุตสาหกรรมบางกะดี 2,2024-03-31,-2387.48,21325.369140625
18037 นอร์ธปาร์ค,2024-03-31,8494.44,8926.6103515625
00167 ศรีดินแดง,2024-03-31,23992.77,16922.701171875
00308 สะพานควาย 3,2024-03-31,432.919999999999,10537.3407
00518 ประชาราษฏร์ สาย 2,2024-03-31,4754.92,3556.301513671875
00540 หมู่บ้านอยู่เจริญ,2024-03-31,18817.54,11867.453125
00698 สน.บางซื่อ,2024-03-31,1583.61,-1603.9814453125
00891 พิบูลย์ 8,2024-03-31,38314.04,3168.604099999998
02461 พหลโยธิน ซอย 8,2024-03-31,46921.34,21062.705078125
03788 พหลโยธิน 2 ( New Model ),2024-03-31,40879.51,26069.945199999976
05175 สะพานควาย 2 (จุดใหม่),2024-03-31,151.5000000000003,18571.72265625
06596 ซอยศาสนา,2024-03-31,54439.87,12827.254866784611
06596 ซอยศาสนา,2024-04-30,33627.05,12808.744360606332
06596 ซอยศาสนา,2024-05-31,33667.42,12790.23385442806
06596 ซอยศาสนา,2024-06-30,30052.35,12771.72334824978
10331 รางน้ำ 6,2024-03-31,87951.23,22333.931640625
11654 สยามอินเตอร์ (อนุสาวรีย์ชัยฯ),2024-03-31,86041.12,34937.84159759471
11654 สยามอินเตอร์ (อนุสาวรีย์ชัยฯ),2024-04-30,70569.52,34964.121615614815
11654 สยามอินเตอร์ (อนุสาวรีย์ชัยฯ),2024-05-31,32452.42,34990.40163363492
11654 สยามอินเตอร์ (อนุสาวรีย์ชัยฯ),2024-06-30,42090.05,35016.681651655024
12035 ราชปรารภ 5,2024-03-31,25359.38,16428.236328125
13666 โชติวัฒน์ จุด 2,2024-03-31,75.6199999999999,-3436.9833984375
15079 สะพานสูง จุด 1,2024-03-31,403.320000000002,-12748.701171875
15081 กรุงเทพนนท์ 27,2024-03-31,-1437.54,4438.35009765625
16388 ไวมอลล์ (ประชาราษฎร์สาย 1),2024-03-31,-2752.923333333334,24799.335970965
16388 ไวมอลล์ (ประชาราษฎร์สาย 1),2024-04-30,-3471.77,24852.465287082585
16388 ไวมอลล์ (ประชาราษฎร์สาย 1),2024-05-31,-3784.493333333333,24905.594603200167
16388 ไวมอลล์ (ประชาราษฎร์สาย 1),2024-06-30,-4728.86,24958.723919317767
16852 เสริมสุข จุด 2,2024-03-31,1704.21,11502.5888671875
17223 เตาปูนเตชะวนิช,2024-03-31,-1635.24,-2753.58056640625
17667 ชุมชนสวนผัก (จตุจักร),2024-03-31,176.459999999998,-1790.156982421875
18546 ติวานนท์ 40,2024-03-31 00:00:00,31377.24,
19346 โลตัสติวานนท์(ปากเกร็ด),2024-03-31 00:00:00,-1739.37000000001,
09660 ซอยเทพพนม,2024-03-31 00:00:00,-4106.34,
10805 ซอยต้นสน 15 (แจ้งวัฒนะ 20),2024-03-31 00:00:00,-1827.47,
12145 เลี่ยงเมืองปากเกร็ด 44,2024-03-31 00:00:00,740.0,
14886 ร.พ.ช.ซอย4 (หลัก6),2024-03-31 00:00:00,1537.48,
16498 บี อเวนิว (ติวานนท์-แจ้งวัฒนะ),2024-03-31 00:00:00,-2363.7,
05928 ชินเขต 2/34,2024-03-31 00:00:00,746.76,
14007 บ้านสวนกลางเมือง จุด 1,2024-03-31 00:00:00,3198.55,
17358 ร้านค้าสวัสดิการบ้านพักตำรวจ (เมืองทอง),2024-03-31 00:00:00,1179.12,
18137 ตลาดประชานิเวศน์ 1,2024-03-31 00:00:00,-247.949999999993,
19343 โลตัสประชาชื่น พงษ์เพชร,2024-03-31 00:00:00,19880.57,
18289 คลองหลวง ซ. 8,2024-03-31 00:00:00,1290.5,
18724 คลองหลวง 8 จุด 2,2024-03-31 00:00:00,4555.83,
13355 ตลาดคลองหลวงโฮมเพลส,2024-03-31 00:00:00,-3728.58,
17485 ไอยรา 6/4,2024-03-31 00:00:00,4421.12,
16434 รังสิต-ปทุมธานี ซอย 10,2024-03-31 00:00:00,1735.71,
07386 ราชวัตร 3,2024-03-31 00:00:00,-201.51,
18326 ทีทีบี สำนักงานใหญ่,2024-03-31 00:00:00,47585.83,
19108 ประดิพัทธ์7,2024-03-31 00:00:00,2036.17,
18147 อินทามระ 21,2024-03-31 00:00:00,470.95,
18575 พลีโน่ ชัยพฤกษ์ ถนน 2003,2024-03-31 00:00:00,4938.65,
18641 รอยัลพาร์ค,2024-03-31 00:00:00,-732.929999999999,
